booking_id,project_id,project_priority,resource_type,requested_start,requested_end,task,assigned_resource_id
BK_0001,PRJ_005,medium,crane,2026-03-04T00:00:00,2026-03-04T13:00:00,panel lift,
BK_0002,PRJ_009,low,crane,2026-03-17T06:00:00,2026-03-20T01:00:00,prefab assembly,
BK_0003,PRJ_010,medium,truck,2026-09-14T02:00:00,2026-09-14T13:00:00,equipment transport,
BK_0004,PRJ_004,high,truck,2026-03-12T05:00:00,2026-03-13T21:00:00,equipment transport,
BK_0005,PRJ_002,medium,truck,2026-04-28T02:00:00,2026-04-30T00:00:00,material delivery,
BK_0006,PRJ_004,high,crew,2026-06-29T01:00:00,2026-07-02T00:00:00,formwork,
BK_0007,PRJ_010,medium,crane,2026-07-17T00:00:00,2026-07-17T22:00:00,steel beam placement,
BK_0008,PRJ_006,medium,crane,2026-05-07T01:00:00,2026-05-09T08:00:00,panel lift,
BK_0009,PRJ_010,medium,crew,2026-06-13T07:00:00,2026-06-14T00:00:00,electrical rough-in,
BK_0010,PRJ_003,medium,crane,2026-10-03T04:00:00,2026-10-04T05:00:00,prefab assembly,
BK_0011,PRJ_007,low,crane,2026-05-11T00:00:00,2026-05-12T07:00:00,steel beam placement,
BK_0012,PRJ_003,medium,crane,2026-09-06T07:00:00,2026-09-08T23:00:00,steel beam placement,
BK_0013,PRJ_002,medium,crew,2026-06-10T03:00:00,2026-06-10T18:00:00,formwork,
BK_0014,PRJ_001,low,crane,2026-04-01T02:00:00,2026-04-04T01:00:00,prefab assembly,
BK_0015,PRJ_001,low,truck,2026-01-29T04:00:00,2026-01-30T15:00:00,spoil removal,
BK_0016,PRJ_007,low,crane,2026-02-07T04:00:00,2026-02-09T04:00:00,prefab assembly,
BK_0017,PRJ_001,low,crew,2026-01-15T07:00:00,2026-01-16T19:00:00,formwork,
BK_0018,PRJ_003,medium,truck,2026-03-25T02:00:00,2026-03-26T10:00:00,spoil removal,
BK_0019,PRJ_004,high,crane,2026-07-06T07:00:00,2026-07-08T23:00:00,prefab assembly,
BK_0020,PRJ_002,medium,crane,2026-02-15T00:00:00,2026-02-16T13:00:00,steel beam placement,
BK_0021,PRJ_001,low,crane,2026-06-12T01:00:00,2026-06-14T08:00:00,panel lift,
BK_0022,PRJ_002,medium,crew,2026-10-03T03:00:00,2026-10-05T04:00:00,finishing works,
BK_0023,PRJ_007,low,crane,2026-05-28T02:00:00,2026-05-29T14:00:00,prefab assembly,
BK_0024,PRJ_008,medium,truck,2026-05-05T05:00:00,2026-05-08T04:00:00,equipment transport,
BK_0025,PRJ_007,low,crane,2026-09-05T04:00:00,2026-09-07T08:00:00,prefab assembly,
BK_0026,PRJ_004,high,truck,2026-03-07T00:00:00,2026-03-07T12:00:00,material delivery,
BK_0027,PRJ_009,low,truck,2026-05-08T05:00:00,2026-05-10T17:00:00,equipment transport,
BK_0028,PRJ_002,medium,crew,2026-01-08T02:00:00,2026-01-09T13:00:00,concrete pour,
BK_0029,PRJ_006,medium,crane,2026-08-22T05:00:00,2026-08-23T05:00:00,panel lift,
BK_0030,PRJ_004,high,crew,2026-07-12T02:00:00,2026-07-12T19:00:00,concrete pour,
BK_0031,PRJ_001,low,truck,2026-01-09T03:00:00,2026-01-09T15:00:00,material delivery,
BK_0032,PRJ_005,medium,crew,2026-06-12T07:00:00,2026-06-13T00:00:00,formwork,
BK_0033,PRJ_009,low,crew,2026-03-16T05:00:00,2026-03-18T14:00:00,electrical rough-in,
BK_0034,PRJ_008,medium,crane,2026-04-16T03:00:00,2026-04-17T00:00:00,prefab assembly,
BK_0035,PRJ_002,medium,truck,2026-07-04T06:00:00,2026-07-05T07:00:00,equipment transport,
BK_0036,PRJ_008,medium,crew,2026-08-05T07:00:00,2026-08-06T11:00:00,concrete pour,
BK_0037,PRJ_010,medium,crew,2026-06-29T01:00:00,2026-06-29T19:00:00,finishing works,
BK_0038,PRJ_009,low,crew,2026-04-27T06:00:00,2026-04-29T18:00:00,finishing works,
BK_0039,PRJ_004,high,crane,2026-08-03T00:00:00,2026-08-05T11:00:00,panel lift,
BK_0040,PRJ_009,low,truck,2026-03-08T02:00:00,2026-03-10T23:00:00,equipment transport,
BK_0041,PRJ_006,medium,crew,2026-06-15T03:00:00,2026-06-16T17:00:00,concrete pour,
BK_0042,PRJ_008,medium,truck,2026-05-31T06:00:00,2026-06-01T23:00:00,spoil removal,
BK_0043,PRJ_004,high,truck,2026-03-03T03:00:00,2026-03-05T08:00:00,equipment transport,
BK_0044,PRJ_005,medium,truck,2026-04-19T05:00:00,2026-04-21T18:00:00,material delivery,
BK_0045,PRJ_003,medium,crew,2026-06-08T07:00:00,2026-06-09T17:00:00,concrete pour,
BK_0046,PRJ_009,low,truck,2026-08-30T04:00:00,2026-08-31T21:00:00,material delivery,
BK_0047,PRJ_006,medium,truck,2026-10-05T06:00:00,2026-10-06T07:00:00,equipment transport,
BK_0048,PRJ_003,medium,crane,2026-06-10T01:00:00,2026-06-11T20:00:00,panel lift,
BK_0049,PRJ_001,low,crane,2026-06-20T03:00:00,2026-06-22T16:00:00,panel lift,
BK_0050,PRJ_010,medium,truck,2026-07-22T02:00:00,2026-07-23T14:00:00,spoil removal,
BK_0051,PRJ_009,low,truck,2026-08-05T00:00:00,2026-08-05T09:00:00,material delivery,
BK_0052,PRJ_007,low,truck,2026-10-04T03:00:00,2026-10-06T13:00:00,equipment transport,
BK_0053,PRJ_001,low,truck,2026-09-10T05:00:00,2026-09-11T12:00:00,equipment transport,
BK_0054,PRJ_004,high,truck,2026-09-06T04:00:00,2026-09-09T02:00:00,spoil removal,
BK_0055,PRJ_005,medium,crew,2026-04-24T01:00:00,2026-04-26T20:00:00,concrete pour,
BK_0056,PRJ_010,medium,crane,2026-09-21T02:00:00,2026-09-21T20:00:00,steel beam placement,
BK_0057,PRJ_004,high,crane,2026-03-25T03:00:00,2026-03-27T10:00:00,panel lift,
BK_0058,PRJ_005,medium,truck,2026-07-31T01:00:00,2026-07-31T19:00:00,spoil removal,
BK_0059,PRJ_007,low,truck,2026-02-25T00:00:00,2026-02-27T07:00:00,spoil removal,
BK_0060,PRJ_010,medium,crane,2026-04-12T04:00:00,2026-04-15T02:00:00,panel lift,
BK_0061,PRJ_001,low,crane,2026-09-08T04:00:00,2026-09-10T21:00:00,steel beam placement,
BK_0062,PRJ_006,medium,crew,2026-06-17T03:00:00,2026-06-19T06:00:00,electrical rough-in,
BK_0063,PRJ_005,medium,truck,2026-03-29T07:00:00,2026-03-29T14:00:00,material delivery,
BK_0064,PRJ_004,high,truck,2026-04-09T02:00:00,2026-04-11T11:00:00,equipment transport,
BK_0065,PRJ_002,medium,crew,2026-05-02T06:00:00,2026-05-05T04:00:00,finishing works,
BK_0066,PRJ_001,low,crew,2026-02-19T06:00:00,2026-02-21T16:00:00,electrical rough-in,
BK_0067,PRJ_008,medium,crew,2026-04-27T06:00:00,2026-04-28T05:00:00,finishing works,
BK_0068,PRJ_004,high,crane,2026-06-29T07:00:00,2026-06-30T09:00:00,steel beam placement,
BK_0069,PRJ_005,medium,crew,2026-07-14T05:00:00,2026-07-15T07:00:00,formwork,
BK_0070,PRJ_007,low,truck,2026-09-18T00:00:00,2026-09-19T22:00:00,material delivery,
BK_0071,PRJ_006,medium,truck,2026-03-25T01:00:00,2026-03-25T06:00:00,equipment transport,
BK_0072,PRJ_001,low,crane,2026-04-25T04:00:00,2026-04-25T16:00:00,prefab assembly,
BK_0073,PRJ_003,medium,crew,2026-04-16T05:00:00,2026-04-18T03:00:00,finishing works,
BK_0074,PRJ_002,medium,crew,2026-01-14T01:00:00,2026-01-16T04:00:00,finishing works,
BK_0075,PRJ_005,medium,crane,2026-04-15T04:00:00,2026-04-15T08:00:00,steel beam placement,
BK_0076,PRJ_008,medium,crane,2026-03-05T02:00:00,2026-03-05T13:00:00,prefab assembly,
BK_0077,PRJ_001,low,truck,2026-04-08T05:00:00,2026-04-08T10:00:00,material delivery,
BK_0078,PRJ_001,low,crane,2026-02-12T04:00:00,2026-02-15T02:00:00,steel beam placement,
BK_0079,PRJ_003,medium,crane,2026-08-20T07:00:00,2026-08-21T16:00:00,panel lift,
BK_0080,PRJ_002,medium,crew,2026-01-31T03:00:00,2026-02-02T02:00:00,finishing works,
BK_0081,PRJ_010,medium,truck,2026-09-01T07:00:00,2026-09-03T19:00:00,equipment transport,
BK_0082,PRJ_007,low,crew,2026-03-29T05:00:00,2026-03-31T16:00:00,formwork,
BK_0083,PRJ_007,low,crew,2026-01-13T04:00:00,2026-01-14T11:00:00,finishing works,
BK_0084,PRJ_003,medium,crane,2026-02-03T05:00:00,2026-02-03T14:00:00,panel lift,
BK_0085,PRJ_007,low,crane,2026-02-11T01:00:00,2026-02-13T02:00:00,steel beam placement,
BK_0086,PRJ_006,medium,crane,2026-03-13T05:00:00,2026-03-14T18:00:00,panel lift,
BK_0087,PRJ_001,low,crew,2026-08-06T02:00:00,2026-08-06T13:00:00,finishing works,
BK_0088,PRJ_003,medium,crew,2026-02-05T06:00:00,2026-02-07T17:00:00,electrical rough-in,
BK_0089,PRJ_010,medium,crane,2026-02-25T01:00:00,2026-02-25T23:00:00,steel beam placement,
BK_0090,PRJ_007,low,crane,2026-01-04T06:00:00,2026-01-05T13:00:00,prefab assembly,
BK_0091,PRJ_001,low,truck,2026-05-18T06:00:00,2026-05-19T20:00:00,equipment transport,
BK_0092,PRJ_007,low,crew,2026-08-14T00:00:00,2026-08-15T19:00:00,electrical rough-in,
BK_0093,PRJ_009,low,crane,2026-06-26T04:00:00,2026-06-26T20:00:00,prefab assembly,
BK_0094,PRJ_001,low,crew,2026-08-27T03:00:00,2026-08-28T08:00:00,formwork,
BK_0095,PRJ_010,medium,crane,2026-10-03T07:00:00,2026-10-04T12:00:00,steel beam placement,
BK_0096,PRJ_010,medium,crane,2026-05-24T04:00:00,2026-05-26T03:00:00,steel beam placement,
BK_0097,PRJ_010,medium,crane,2026-10-19T04:00:00,2026-10-20T15:00:00,prefab assembly,
BK_0098,PRJ_006,medium,truck,2026-09-18T07:00:00,2026-09-19T23:00:00,material delivery,
BK_0099,PRJ_002,medium,crane,2026-04-05T01:00:00,2026-04-05T20:00:00,prefab assembly,
BK_0100,PRJ_003,medium,truck,2026-07-23T04:00:00,2026-07-25T14:00:00,spoil removal,
BK_0101,PRJ_010,medium,truck,2026-05-24T05:00:00,2026-05-26T20:00:00,equipment transport,
BK_0102,PRJ_007,low,crane,2026-03-27T00:00:00,2026-03-29T00:00:00,steel beam placement,
BK_0103,PRJ_007,low,crew,2026-10-12T02:00:00,2026-10-14T05:00:00,electrical rough-in,
BK_0104,PRJ_009,low,crew,2026-08-17T05:00:00,2026-08-19T10:00:00,electrical rough-in,
BK_0105,PRJ_007,low,crane,2026-08-11T07:00:00,2026-08-11T16:00:00,prefab assembly,
BK_0106,PRJ_003,medium,crew,2026-07-27T03:00:00,2026-07-29T02:00:00,formwork,
BK_0107,PRJ_006,medium,crane,2026-04-04T06:00:00,2026-04-05T09:00:00,steel beam placement,
BK_0108,PRJ_003,medium,crane,2026-06-18T01:00:00,2026-06-18T22:00:00,prefab assembly,
BK_0109,PRJ_010,medium,crew,2026-08-12T03:00:00,2026-08-14T19:00:00,concrete pour,
BK_0110,PRJ_006,medium,truck,2026-08-18T00:00:00,2026-08-20T18:00:00,equipment transport,
BK_0111,PRJ_008,medium,crew,2026-10-08T04:00:00,2026-10-09T12:00:00,electrical rough-in,
BK_0112,PRJ_006,medium,crew,2026-04-29T04:00:00,2026-05-02T02:00:00,concrete pour,
BK_0113,PRJ_001,low,crew,2026-03-13T07:00:00,2026-03-15T08:00:00,finishing works,
BK_0114,PRJ_008,medium,truck,2026-04-18T00:00:00,2026-04-19T21:00:00,equipment transport,
BK_0115,PRJ_001,low,truck,2026-07-19T03:00:00,2026-07-20T18:00:00,spoil removal,
BK_0116,PRJ_001,low,truck,2026-07-26T01:00:00,2026-07-28T07:00:00,material delivery,
BK_0117,PRJ_006,medium,crane,2026-01-12T06:00:00,2026-01-13T15:00:00,prefab assembly,
BK_0118,PRJ_009,low,crane,2026-06-20T02:00:00,2026-06-21T19:00:00,panel lift,
BK_0119,PRJ_002,medium,crane,2026-10-14T05:00:00,2026-10-15T15:00:00,prefab assembly,
BK_0120,PRJ_009,low,crew,2026-09-24T07:00:00,2026-09-24T20:00:00,finishing works,
BK_0121,PRJ_006,medium,truck,2026-06-07T01:00:00,2026-06-09T01:00:00,spoil removal,
BK_0122,PRJ_001,low,crew,2026-09-02T00:00:00,2026-09-04T13:00:00,electrical rough-in,
BK_0123,PRJ_008,medium,crane,2026-01-09T03:00:00,2026-01-11T18:00:00,prefab assembly,
BK_0124,PRJ_005,medium,crane,2026-07-03T05:00:00,2026-07-04T05:00:00,prefab assembly,
BK_0125,PRJ_004,high,crew,2026-10-06T02:00:00,2026-10-06T06:00:00,finishing works,
BK_0126,PRJ_006,medium,truck,2026-02-19T05:00:00,2026-02-21T12:00:00,spoil removal,
BK_0127,PRJ_004,high,crew,2026-06-01T03:00:00,2026-06-01T15:00:00,electrical rough-in,
BK_0128,PRJ_006,medium,crane,2026-10-12T01:00:00,2026-10-13T15:00:00,steel beam placement,
BK_0129,PRJ_005,medium,crew,2026-05-11T00:00:00,2026-05-12T00:00:00,concrete pour,
BK_0130,PRJ_005,medium,crane,2026-10-06T02:00:00,2026-10-08T13:00:00,prefab assembly,
BK_0131,PRJ_004,high,truck,2026-08-21T03:00:00,2026-08-21T17:00:00,spoil removal,
BK_0132,PRJ_007,low,crane,2026-02-23T00:00:00,2026-02-23T07:00:00,prefab assembly,
BK_0133,PRJ_009,low,crane,2026-01-01T06:00:00,2026-01-02T02:00:00,steel beam placement,
BK_0134,PRJ_008,medium,crew,2026-03-10T05:00:00,2026-03-12T15:00:00,formwork,
BK_0135,PRJ_007,low,truck,2026-03-19T07:00:00,2026-03-21T22:00:00,spoil removal,
BK_0136,PRJ_003,medium,crane,2026-05-07T04:00:00,2026-05-07T11:00:00,prefab assembly,
BK_0137,PRJ_008,medium,crew,2026-03-05T03:00:00,2026-03-06T14:00:00,finishing works,
BK_0138,PRJ_006,medium,truck,2026-10-08T01:00:00,2026-10-10T02:00:00,material delivery,
BK_0139,PRJ_001,low,crane,2026-01-05T07:00:00,2026-01-06T01:00:00,prefab assembly,
BK_0140,PRJ_004,high,truck,2026-05-23T07:00:00,2026-05-24T23:00:00,material delivery,
BK_0141,PRJ_001,low,crew,2026-10-25T02:00:00,2026-10-25T11:00:00,formwork,
BK_0142,PRJ_010,medium,truck,2026-03-30T05:00:00,2026-03-31T09:00:00,material delivery,
BK_0143,PRJ_002,medium,crew,2026-04-26T05:00:00,2026-04-28T14:00:00,electrical rough-in,
BK_0144,PRJ_009,low,crane,2026-02-10T04:00:00,2026-02-10T17:00:00,panel lift,
BK_0145,PRJ_006,medium,crew,2026-10-20T02:00:00,2026-10-21T00:00:00,concrete pour,
BK_0146,PRJ_010,medium,crew,2026-10-01T05:00:00,2026-10-02T15:00:00,concrete pour,
BK_0147,PRJ_006,medium,crane,2026-05-22T00:00:00,2026-05-23T09:00:00,prefab assembly,
BK_0148,PRJ_010,medium,crane,2026-01-17T06:00:00,2026-01-18T04:00:00,steel beam placement,
BK_0149,PRJ_004,high,truck,2026-02-04T04:00:00,2026-02-04T19:00:00,equipment transport,
BK_0150,PRJ_004,high,crew,2026-06-08T07:00:00,2026-06-10T12:00:00,electrical rough-in,
BK_0151,PRJ_008,medium,truck,2026-10-08T03:00:00,2026-10-08T16:00:00,material delivery,
BK_0152,PRJ_009,low,truck,2026-03-23T00:00:00,2026-03-24T03:00:00,spoil removal,
BK_0153,PRJ_006,medium,crane,2026-10-01T02:00:00,2026-10-03T11:00:00,prefab assembly,
BK_0154,PRJ_007,low,truck,2026-05-11T00:00:00,2026-05-13T14:00:00,spoil removal,
BK_0155,PRJ_004,high,crew,2026-06-28T03:00:00,2026-06-30T22:00:00,electrical rough-in,
BK_0156,PRJ_004,high,crane,2026-01-13T01:00:00,2026-01-13T20:00:00,panel lift,
BK_0157,PRJ_004,high,crew,2026-09-02T04:00:00,2026-09-05T02:00:00,finishing works,
BK_0158,PRJ_009,low,truck,2026-01-18T05:00:00,2026-01-18T20:00:00,spoil removal,
BK_0159,PRJ_001,low,truck,2026-05-21T05:00:00,2026-05-23T23:00:00,equipment transport,
BK_0160,PRJ_005,medium,crew,2026-08-07T00:00:00,2026-08-08T20:00:00,concrete pour,
BK_0161,PRJ_007,low,crane,2026-06-21T01:00:00,2026-06-21T05:00:00,prefab assembly,
BK_0162,PRJ_005,medium,crew,2026-03-24T03:00:00,2026-03-26T19:00:00,electrical rough-in,
BK_0163,PRJ_007,low,truck,2026-10-25T02:00:00,2026-10-25T08:00:00,equipment transport,
BK_0164,PRJ_007,low,crew,2026-09-09T01:00:00,2026-09-11T13:00:00,formwork,
BK_0165,PRJ_007,low,truck,2026-05-09T04:00:00,2026-05-10T23:00:00,spoil removal,
BK_0166,PRJ_010,medium,crane,2026-06-28T02:00:00,2026-06-29T20:00:00,steel beam placement,
BK_0167,PRJ_009,low,truck,2026-07-29T00:00:00,2026-07-31T01:00:00,equipment transport,
BK_0168,PRJ_010,medium,truck,2026-02-23T06:00:00,2026-02-26T02:00:00,equipment transport,
BK_0169,PRJ_005,medium,crane,2026-01-27T00:00:00,2026-01-28T20:00:00,panel lift,
BK_0170,PRJ_001,low,crew,2026-08-29T02:00:00,2026-08-30T16:00:00,electrical rough-in,
BK_0171,PRJ_008,medium,crane,2026-01-09T03:00:00,2026-01-11T02:00:00,panel lift,
BK_0172,PRJ_009,low,truck,2026-09-01T00:00:00,2026-09-03T22:00:00,spoil removal,
BK_0173,PRJ_006,medium,truck,2026-08-20T07:00:00,2026-08-22T15:00:00,spoil removal,
BK_0174,PRJ_006,medium,crane,2026-03-29T05:00:00,2026-03-31T03:00:00,steel beam placement,
BK_0175,PRJ_004,high,crew,2026-07-27T05:00:00,2026-07-27T17:00:00,electrical rough-in,
BK_0176,PRJ_001,low,truck,2026-02-09T04:00:00,2026-02-10T23:00:00,equipment transport,
BK_0177,PRJ_005,medium,truck,2026-10-04T01:00:00,2026-10-05T19:00:00,spoil removal,
BK_0178,PRJ_005,medium,crew,2026-02-19T00:00:00,2026-02-21T21:00:00,formwork,
BK_0179,PRJ_008,medium,crew,2026-05-09T07:00:00,2026-05-10T17:00:00,formwork,
BK_0180,PRJ_006,medium,truck,2026-03-17T03:00:00,2026-03-19T06:00:00,equipment transport,
BK_0181,PRJ_009,low,crew,2026-02-01T07:00:00,2026-02-02T13:00:00,finishing works,
BK_0182,PRJ_010,medium,truck,2026-08-20T01:00:00,2026-08-22T04:00:00,material delivery,
BK_0183,PRJ_003,medium,truck,2026-06-17T03:00:00,2026-06-19T15:00:00,equipment transport,
BK_0184,PRJ_008,medium,crane,2026-08-16T06:00:00,2026-08-19T04:00:00,panel lift,
BK_0185,PRJ_009,low,crane,2026-03-15T03:00:00,2026-03-17T18:00:00,steel beam placement,
BK_0186,PRJ_003,medium,truck,2026-07-22T02:00:00,2026-07-22T07:00:00,material delivery,
BK_0187,PRJ_008,medium,truck,2026-06-03T03:00:00,2026-06-03T08:00:00,material delivery,
BK_0188,PRJ_007,low,crane,2026-10-09T07:00:00,2026-10-09T15:00:00,prefab assembly,
BK_0189,PRJ_001,low,truck,2026-01-01T02:00:00,2026-01-03T12:00:00,spoil removal,
BK_0190,PRJ_007,low,crew,2026-04-10T04:00:00,2026-04-12T20:00:00,concrete pour,
BK_0191,PRJ_002,medium,truck,2026-09-11T04:00:00,2026-09-12T19:00:00,equipment transport,
BK_0192,PRJ_005,medium,crew,2026-02-08T07:00:00,2026-02-10T11:00:00,electrical rough-in,
BK_0193,PRJ_002,medium,crew,2026-08-28T02:00:00,2026-08-29T03:00:00,electrical rough-in,
BK_0194,PRJ_006,medium,crew,2026-03-13T01:00:00,2026-03-14T00:00:00,electrical rough-in,
BK_0195,PRJ_008,medium,crew,2026-10-15T05:00:00,2026-10-15T13:00:00,electrical rough-in,
BK_0196,PRJ_006,medium,truck,2026-09-17T03:00:00,2026-09-18T12:00:00,spoil removal,
BK_0197,PRJ_003,medium,crew,2026-07-09T04:00:00,2026-07-09T12:00:00,concrete pour,
BK_0198,PRJ_006,medium,crew,2026-06-25T01:00:00,2026-06-26T09:00:00,electrical rough-in,
BK_0199,PRJ_007,low,crew,2026-07-23T04:00:00,2026-07-24T07:00:00,finishing works,
BK_0200,PRJ_007,low,crew,2026-03-12T01:00:00,2026-03-13T00:00:00,concrete pour,
BK_0201,PRJ_010,medium,crew,2026-05-23T04:00:00,2026-05-24T09:00:00,electrical rough-in,
BK_0202,PRJ_003,medium,truck,2026-09-15T06:00:00,2026-09-18T02:00:00,material delivery,
BK_0203,PRJ_001,low,crew,2026-03-22T00:00:00,2026-03-24T00:00:00,finishing works,
BK_0204,PRJ_010,medium,truck,2026-09-25T07:00:00,2026-09-27T22:00:00,material delivery,
BK_0205,PRJ_002,medium,truck,2026-09-01T06:00:00,2026-09-03T09:00:00,equipment transport,
BK_0206,PRJ_001,low,crane,2026-03-31T05:00:00,2026-04-01T01:00:00,prefab assembly,
BK_0207,PRJ_007,low,truck,2026-06-28T02:00:00,2026-06-30T00:00:00,spoil removal,
BK_0208,PRJ_001,low,crane,2026-04-06T00:00:00,2026-04-07T17:00:00,steel beam placement,
BK_0209,PRJ_002,medium,crane,2026-07-23T00:00:00,2026-07-25T10:00:00,panel lift,
BK_0210,PRJ_001,low,truck,2026-08-18T07:00:00,2026-08-20T11:00:00,equipment transport,
BK_0211,PRJ_008,medium,truck,2026-02-01T04:00:00,2026-02-03T09:00:00,material delivery,
BK_0212,PRJ_005,medium,crew,2026-06-01T01:00:00,2026-06-02T05:00:00,concrete pour,
BK_0213,PRJ_008,medium,crane,2026-06-07T03:00:00,2026-06-09T00:00:00,prefab assembly,
BK_0214,PRJ_010,medium,truck,2026-08-16T03:00:00,2026-08-18T08:00:00,material delivery,
BK_0215,PRJ_009,low,truck,2026-06-24T01:00:00,2026-06-25T18:00:00,spoil removal,
BK_0216,PRJ_008,medium,crew,2026-05-17T02:00:00,2026-05-17T13:00:00,finishing works,
BK_0217,PRJ_003,medium,crane,2026-10-27T07:00:00,2026-10-28T04:00:00,steel beam placement,
BK_0218,PRJ_003,medium,crew,2026-06-26T04:00:00,2026-06-27T22:00:00,concrete pour,
BK_0219,PRJ_001,low,crew,2026-01-14T02:00:00,2026-01-16T18:00:00,finishing works,
BK_0220,PRJ_006,medium,truck,2026-04-01T05:00:00,2026-04-01T23:00:00,equipment transport,
BK_0221,PRJ_005,medium,truck,2026-04-07T06:00:00,2026-04-09T21:00:00,equipment transport,
BK_0222,PRJ_008,medium,crew,2026-06-17T07:00:00,2026-06-18T21:00:00,formwork,
BK_0223,PRJ_005,medium,crane,2026-07-23T00:00:00,2026-07-24T01:00:00,prefab assembly,
BK_0224,PRJ_004,high,crane,2026-08-17T02:00:00,2026-08-19T10:00:00,steel beam placement,
BK_0225,PRJ_005,medium,truck,2026-01-19T06:00:00,2026-01-21T10:00:00,material delivery,
BK_0226,PRJ_001,low,crane,2026-05-18T02:00:00,2026-05-20T21:00:00,steel beam placement,
BK_0227,PRJ_004,high,crew,2026-03-18T05:00:00,2026-03-20T18:00:00,finishing works,
BK_0228,PRJ_007,low,truck,2026-07-29T00:00:00,2026-07-31T04:00:00,spoil removal,
BK_0229,PRJ_001,low,truck,2026-03-04T01:00:00,2026-03-04T20:00:00,spoil removal,
BK_0230,PRJ_001,low,crane,2026-10-08T06:00:00,2026-10-10T17:00:00,prefab assembly,
BK_0231,PRJ_002,medium,truck,2026-02-25T00:00:00,2026-02-26T04:00:00,equipment transport,
BK_0232,PRJ_002,medium,crew,2026-01-02T05:00:00,2026-01-05T04:00:00,finishing works,
BK_0233,PRJ_009,low,crane,2026-01-19T03:00:00,2026-01-20T16:00:00,prefab assembly,
BK_0234,PRJ_003,medium,crew,2026-07-05T04:00:00,2026-07-07T02:00:00,formwork,
BK_0235,PRJ_002,medium,crane,2026-05-02T06:00:00,2026-05-04T12:00:00,panel lift,
BK_0236,PRJ_003,medium,truck,2026-01-23T02:00:00,2026-01-25T10:00:00,equipment transport,
BK_0237,PRJ_002,medium,crane,2026-05-24T07:00:00,2026-05-25T16:00:00,prefab assembly,
BK_0238,PRJ_005,medium,crane,2026-06-25T03:00:00,2026-06-27T23:00:00,prefab assembly,
BK_0239,PRJ_006,medium,truck,2026-02-19T03:00:00,2026-02-19T10:00:00,equipment transport,
BK_0240,PRJ_009,low,truck,2026-01-05T04:00:00,2026-01-07T21:00:00,material delivery,
BK_0241,PRJ_007,low,crew,2026-03-02T01:00:00,2026-03-03T05:00:00,finishing works,
BK_0242,PRJ_007,low,truck,2026-06-12T00:00:00,2026-06-14T23:00:00,material delivery,
BK_0243,PRJ_003,medium,crew,2026-01-06T02:00:00,2026-01-07T11:00:00,concrete pour,
BK_0244,PRJ_008,medium,truck,2026-02-08T06:00:00,2026-02-09T03:00:00,spoil removal,
BK_0245,PRJ_007,low,crane,2026-01-27T06:00:00,2026-01-29T21:00:00,prefab assembly,
BK_0246,PRJ_005,medium,crew,2026-05-15T05:00:00,2026-05-17T19:00:00,finishing works,
BK_0247,PRJ_009,low,truck,2026-08-09T07:00:00,2026-08-10T00:00:00,equipment transport,
BK_0248,PRJ_004,high,crew,2026-04-07T00:00:00,2026-04-09T04:00:00,concrete pour,
BK_0249,PRJ_008,medium,crew,2026-10-17T01:00:00,2026-10-17T06:00:00,electrical rough-in,
BK_0250,PRJ_008,medium,truck,2026-08-11T06:00:00,2026-08-12T04:00:00,spoil removal,
BK_0251,PRJ_010,medium,crane,2026-09-01T02:00:00,2026-09-01T10:00:00,panel lift,
BK_0252,PRJ_005,medium,truck,2026-06-13T02:00:00,2026-06-13T20:00:00,equipment transport,
BK_0253,PRJ_004,high,crew,2026-02-24T02:00:00,2026-02-26T20:00:00,finishing works,
BK_0254,PRJ_008,medium,truck,2026-04-16T02:00:00,2026-04-17T20:00:00,spoil removal,
BK_0255,PRJ_002,medium,crane,2026-01-30T06:00:00,2026-01-30T10:00:00,panel lift,
BK_0256,PRJ_005,medium,crane,2026-05-12T06:00:00,2026-05-12T19:00:00,steel beam placement,
BK_0257,PRJ_007,low,crane,2026-04-26T01:00:00,2026-04-27T17:00:00,prefab assembly,
BK_0258,PRJ_007,low,crew,2026-09-29T06:00:00,2026-10-01T01:00:00,finishing works,
BK_0259,PRJ_010,medium,crew,2026-06-01T01:00:00,2026-06-03T21:00:00,formwork,
BK_0260,PRJ_010,medium,truck,2026-06-10T00:00:00,2026-06-12T08:00:00,material delivery,
