project_id,phase_name,phase_order,start_date,end_date
PRJ_001,site_prep,0,2026-01-28,2026-02-07
PRJ_001,foundation,1,2026-02-07,2026-02-17
PRJ_001,structural_frame,2,2026-02-17,2026-03-22
PRJ_001,envelope_facade,3,2026-03-22,2026-04-16
PRJ_001,mep_rough_in,4,2026-04-16,2026-05-13
PRJ_001,insulation_drywall,5,2026-05-13,2026-05-29
PRJ_001,finishing,6,2026-05-29,2026-06-15
PRJ_001,handover,7,2026-06-15,2026-07-06
PRJ_002,site_prep,0,2026-01-14,2026-01-29
PRJ_002,foundation,1,2026-01-29,2026-02-19
PRJ_002,structural_frame,2,2026-02-19,2026-03-24
PRJ_002,envelope_facade,3,2026-03-24,2026-04-21
PRJ_002,mep_rough_in,4,2026-04-21,2026-05-22
PRJ_002,insulation_drywall,5,2026-05-22,2026-06-13
PRJ_002,finishing,6,2026-06-13,2026-07-12
PRJ_002,handover,7,2026-07-12,2026-08-01
PRJ_003,site_prep,0,2026-01-06,2026-01-31
PRJ_003,foundation,1,2026-01-31,2026-02-28
PRJ_003,structural_frame,2,2026-02-28,2026-03-30
PRJ_003,envelope_facade,3,2026-03-30,2026-05-02
PRJ_003,mep_rough_in,4,2026-05-02,2026-05-14
PRJ_003,insulation_drywall,5,2026-05-14,2026-06-12
PRJ_003,finishing,6,2026-06-12,2026-07-09
PRJ_003,handover,7,2026-07-09,2026-08-06
PRJ_004,site_prep,0,2026-02-03,2026-02-13
PRJ_004,foundation,1,2026-02-13,2026-03-07
PRJ_004,structural_frame,2,2026-03-07,2026-04-10
PRJ_004,envelope_facade,3,2026-04-10,2026-05-12
PRJ_004,mep_rough_in,4,2026-05-12,2026-05-27
PRJ_004,insulation_drywall,5,2026-05-27,2026-06-18
PRJ_004,finishing,6,2026-06-18,2026-07-19
PRJ_004,handover,7,2026-07-19,2026-08-21
PRJ_005,site_prep,0,2026-02-23,2026-03-13
PRJ_005,foundation,1,2026-03-13,2026-04-12
PRJ_005,structural_frame,2,2026-04-12,2026-05-12
PRJ_005,envelope_facade,3,2026-05-12,2026-05-25
PRJ_005,mep_rough_in,4,2026-05-25,2026-06-04
PRJ_005,insulation_drywall,5,2026-06-04,2026-06-15
PRJ_005,finishing,6,2026-06-15,2026-06-28
PRJ_005,handover,7,2026-06-28,2026-07-26
PRJ_006,site_prep,0,2026-01-04,2026-01-23
PRJ_006,foundation,1,2026-01-23,2026-02-19
PRJ_006,structural_frame,2,2026-02-19,2026-03-03
PRJ_006,envelope_facade,3,2026-03-03,2026-03-28
PRJ_006,mep_rough_in,4,2026-03-28,2026-04-25
PRJ_006,insulation_drywall,5,2026-04-25,2026-05-29
PRJ_006,finishing,6,2026-05-29,2026-06-15
PRJ_006,handover,7,2026-06-15,2026-07-08
PRJ_007,site_prep,0,2026-02-21,2026-03-15
PRJ_007,foundation,1,2026-03-15,2026-04-02
PRJ_007,structural_frame,2,2026-04-02,2026-04-27
PRJ_007,envelope_facade,3,2026-04-27,2026-05-21
PRJ_007,mep_rough_in,4,2026-05-21,2026-06-20
PRJ_007,insulation_drywall,5,2026-06-20,2026-06-30
PRJ_007,finishing,6,2026-06-30,2026-07-15
PRJ_007,handover,7,2026-07-15,2026-08-08
PRJ_008,site_prep,0,2026-02-19,2026-03-15
PRJ_008,foundation,1,2026-03-15,2026-04-16
PRJ_008,structural_frame,2,2026-04-16,2026-05-12
PRJ_008,envelope_facade,3,2026-05-12,2026-05-22
PRJ_008,mep_rough_in,4,2026-05-22,2026-06-13
PRJ_008,insulation_drywall,5,2026-06-13,2026-07-14
PRJ_008,finishing,6,2026-07-14,2026-08-14
PRJ_008,handover,7,2026-08-14,2026-09-13
PRJ_009,site_prep,0,2026-01-17,2026-02-07
PRJ_009,foundation,1,2026-02-07,2026-02-19
PRJ_009,structural_frame,2,2026-02-19,2026-03-06
PRJ_009,envelope_facade,3,2026-03-06,2026-04-06
PRJ_009,mep_rough_in,4,2026-04-06,2026-04-24
PRJ_009,insulation_drywall,5,2026-04-24,2026-05-23
PRJ_009,finishing,6,2026-05-23,2026-06-02
PRJ_009,handover,7,2026-06-02,2026-06-24
PRJ_010,site_prep,0,2026-02-07,2026-03-12
PRJ_010,foundation,1,2026-03-12,2026-03-28
PRJ_010,structural_frame,2,2026-03-28,2026-04-07
PRJ_010,envelope_facade,3,2026-04-07,2026-04-24
PRJ_010,mep_rough_in,4,2026-04-24,2026-05-05
PRJ_010,insulation_drywall,5,2026-05-05,2026-05-30
PRJ_010,finishing,6,2026-05-30,2026-06-13
PRJ_010,handover,7,2026-06-13,2026-06-29
