delivery_seq_id,project_id,material_type,required_phase,delivery_date,phase_start_date,phase_end_date,flag
SEQ_00001,PRJ_001,prefab_panels,structural_frame,2026-03-19,2026-02-17,2026-03-22,
SEQ_00002,PRJ_001,prefab_panels,handover,2026-06-26,2026-06-15,2026-07-06,
SEQ_00003,PRJ_001,timber,site_prep,2026-01-30,2026-01-28,2026-02-07,
SEQ_00004,PRJ_001,formwork,site_prep,2026-01-16,2026-01-28,2026-02-07,premature_delivery
SEQ_00005,PRJ_001,glass_facade,finishing,2026-05-29,2026-05-29,2026-06-15,
SEQ_00006,PRJ_001,rebar,foundation,2026-02-16,2026-02-07,2026-02-17,
SEQ_00007,PRJ_001,prefab_panels,structural_frame,2026-02-17,2026-02-17,2026-03-22,
SEQ_00008,PRJ_001,timber,site_prep,2026-01-29,2026-01-28,2026-02-07,
SEQ_00009,PRJ_001,formwork,site_prep,2026-02-02,2026-01-28,2026-02-07,
SEQ_00010,PRJ_001,bricks,envelope_facade,2026-04-12,2026-03-22,2026-04-16,
SEQ_00011,PRJ_001,rebar,foundation,2026-02-10,2026-02-07,2026-02-17,
SEQ_00012,PRJ_001,steel_beams,handover,2026-06-22,2026-06-15,2026-07-06,
SEQ_00013,PRJ_001,glass_facade,envelope_facade,2026-03-25,2026-03-22,2026-04-16,
SEQ_00014,PRJ_001,bricks,handover,2026-06-28,2026-06-15,2026-07-06,
SEQ_00015,PRJ_001,pipes,mep_rough_in,2026-05-08,2026-04-16,2026-05-13,
SEQ_00016,PRJ_001,insulation,finishing,2026-06-04,2026-05-29,2026-06-15,
SEQ_00017,PRJ_001,rebar,structural_frame,2026-02-25,2026-02-17,2026-03-22,
SEQ_00018,PRJ_001,prefab_panels,structural_frame,2026-02-01,2026-02-17,2026-03-22,premature_delivery
SEQ_00019,PRJ_001,insulation,finishing,2026-05-05,2026-05-29,2026-06-15,premature_delivery
SEQ_00020,PRJ_001,rebar,structural_frame,2026-03-19,2026-02-17,2026-03-22,
SEQ_00021,PRJ_001,pipes,mep_rough_in,2026-05-01,2026-04-16,2026-05-13,
SEQ_00022,PRJ_001,pipes,mep_rough_in,2026-04-18,2026-04-16,2026-05-13,
SEQ_00023,PRJ_001,rebar,structural_frame,2026-03-02,2026-02-17,2026-03-22,
SEQ_00024,PRJ_002,insulation,finishing,2026-06-29,2026-06-13,2026-07-12,
SEQ_00025,PRJ_002,rebar,foundation,2026-02-05,2026-01-29,2026-02-19,
SEQ_00026,PRJ_002,steel_beams,structural_frame,2026-03-07,2026-02-19,2026-03-24,
SEQ_00027,PRJ_002,steel_beams,structural_frame,2026-03-11,2026-02-19,2026-03-24,
SEQ_00028,PRJ_002,glass_facade,finishing,2026-07-06,2026-06-13,2026-07-12,
SEQ_00029,PRJ_002,insulation,insulation_drywall,2026-06-12,2026-05-22,2026-06-13,
SEQ_00030,PRJ_002,pipes,mep_rough_in,2026-05-08,2026-04-21,2026-05-22,
SEQ_00031,PRJ_002,cement,envelope_facade,2026-03-25,2026-03-24,2026-04-21,
SEQ_00032,PRJ_002,rebar,foundation,2026-02-04,2026-01-29,2026-02-19,
SEQ_00033,PRJ_002,formwork,site_prep,2026-01-22,2026-01-14,2026-01-29,
SEQ_00034,PRJ_002,modular_units,handover,2026-07-20,2026-07-12,2026-08-01,
SEQ_00035,PRJ_002,insulation,insulation_drywall,2026-05-28,2026-05-22,2026-06-13,
SEQ_00036,PRJ_002,glass_facade,finishing,2026-06-15,2026-06-13,2026-07-12,
SEQ_00037,PRJ_002,bricks,envelope_facade,2026-04-01,2026-03-24,2026-04-21,
SEQ_00038,PRJ_002,glass_facade,finishing,2026-06-16,2026-06-13,2026-07-12,
SEQ_00039,PRJ_002,glass_facade,finishing,2026-06-14,2026-06-13,2026-07-12,
SEQ_00040,PRJ_002,timber,site_prep,2026-01-22,2026-01-14,2026-01-29,
SEQ_00041,PRJ_002,insulation,finishing,2026-06-13,2026-06-13,2026-07-12,
SEQ_00042,PRJ_003,concrete_mix,foundation,2025-12-26,2026-01-31,2026-02-28,premature_delivery
SEQ_00043,PRJ_003,glass_facade,finishing,2026-06-17,2026-06-12,2026-07-09,
SEQ_00044,PRJ_003,insulation,insulation_drywall,2026-05-24,2026-05-14,2026-06-12,
SEQ_00045,PRJ_003,insulation,insulation_drywall,2026-05-21,2026-05-14,2026-06-12,
SEQ_00046,PRJ_003,pipes,mep_rough_in,2026-05-02,2026-05-02,2026-05-14,
SEQ_00047,PRJ_003,insulation,finishing,2026-06-20,2026-06-12,2026-07-09,
SEQ_00048,PRJ_003,cement,envelope_facade,2026-04-19,2026-03-30,2026-05-02,
SEQ_00049,PRJ_003,insulation,insulation_drywall,2026-06-08,2026-05-14,2026-06-12,
SEQ_00050,PRJ_003,insulation,finishing,2026-06-19,2026-06-12,2026-07-09,
SEQ_00051,PRJ_003,bricks,envelope_facade,2026-04-11,2026-03-30,2026-05-02,
SEQ_00052,PRJ_003,timber,site_prep,2026-01-19,2026-01-06,2026-01-31,
SEQ_00053,PRJ_003,concrete_mix,foundation,2026-02-04,2026-01-31,2026-02-28,
SEQ_00054,PRJ_003,prefab_panels,structural_frame,2026-03-17,2026-02-28,2026-03-30,
SEQ_00055,PRJ_003,pipes,mep_rough_in,2026-05-12,2026-05-02,2026-05-14,
SEQ_00056,PRJ_003,cement,handover,2026-07-13,2026-07-09,2026-08-06,
SEQ_00057,PRJ_003,insulation,insulation_drywall,2026-05-24,2026-05-14,2026-06-12,
SEQ_00058,PRJ_003,cement,foundation,2026-02-05,2026-01-31,2026-02-28,
SEQ_00059,PRJ_003,insulation,finishing,2026-06-26,2026-06-12,2026-07-09,
SEQ_00060,PRJ_004,glass_facade,envelope_facade,2026-04-14,2026-04-10,2026-05-12,
SEQ_00061,PRJ_004,glass_facade,finishing,2026-05-21,2026-06-18,2026-07-19,premature_delivery
SEQ_00062,PRJ_004,timber,site_prep,2026-02-11,2026-02-03,2026-02-13,
SEQ_00063,PRJ_004,insulation,insulation_drywall,2026-05-27,2026-05-27,2026-06-18,
SEQ_00064,PRJ_004,insulation,insulation_drywall,2026-05-29,2026-05-27,2026-06-18,
SEQ_00065,PRJ_004,timber,site_prep,2026-02-03,2026-02-03,2026-02-13,
SEQ_00066,PRJ_004,pipes,mep_rough_in,2026-05-23,2026-05-12,2026-05-27,
SEQ_00067,PRJ_004,cement,foundation,2026-01-22,2026-02-13,2026-03-07,premature_delivery
SEQ_00068,PRJ_004,prefab_panels,handover,2026-07-23,2026-07-19,2026-08-21,
SEQ_00069,PRJ_004,rebar,foundation,2026-02-25,2026-02-13,2026-03-07,
SEQ_00070,PRJ_004,insulation,finishing,2026-07-13,2026-06-18,2026-07-19,
SEQ_00071,PRJ_004,insulation,finishing,2026-06-18,2026-06-18,2026-07-19,
SEQ_00072,PRJ_004,rebar,foundation,2026-02-13,2026-02-13,2026-03-07,
SEQ_00073,PRJ_004,steel_beams,handover,2026-08-01,2026-07-19,2026-08-21,
SEQ_00074,PRJ_004,bricks,envelope_facade,2026-05-07,2026-04-10,2026-05-12,
SEQ_00075,PRJ_004,insulation,finishing,2026-06-20,2026-06-18,2026-07-19,
SEQ_00076,PRJ_004,formwork,site_prep,2026-02-05,2026-02-03,2026-02-13,
SEQ_00077,PRJ_004,bricks,envelope_facade,2026-04-13,2026-04-10,2026-05-12,
SEQ_00078,PRJ_004,insulation,finishing,2026-07-14,2026-06-18,2026-07-19,
SEQ_00079,PRJ_004,timber,site_prep,2025-12-27,2026-02-03,2026-02-13,premature_delivery
SEQ_00080,PRJ_005,cement,envelope_facade,2026-05-19,2026-05-12,2026-05-25,
SEQ_00081,PRJ_005,steel_beams,structural_frame,2026-03-07,2026-04-12,2026-05-12,premature_delivery
SEQ_00082,PRJ_005,timber,site_prep,2026-03-04,2026-02-23,2026-03-13,
SEQ_00083,PRJ_005,pipes,mep_rough_in,2026-05-26,2026-05-25,2026-06-04,
SEQ_00084,PRJ_005,pipes,mep_rough_in,2026-05-06,2026-05-25,2026-06-04,premature_delivery
SEQ_00085,PRJ_005,timber,site_prep,2026-03-01,2026-02-23,2026-03-13,
SEQ_00086,PRJ_005,pipes,mep_rough_in,2026-05-27,2026-05-25,2026-06-04,
SEQ_00087,PRJ_005,insulation,insulation_drywall,2026-06-10,2026-06-04,2026-06-15,
SEQ_00088,PRJ_005,concrete_mix,foundation,2026-04-10,2026-03-13,2026-04-12,
SEQ_00089,PRJ_005,cement,foundation,2026-03-24,2026-03-13,2026-04-12,
SEQ_00090,PRJ_005,insulation,finishing,2026-06-23,2026-06-15,2026-06-28,
SEQ_00091,PRJ_005,timber,site_prep,2026-03-10,2026-02-23,2026-03-13,
SEQ_00092,PRJ_005,bricks,handover,2026-07-24,2026-06-28,2026-07-26,
SEQ_00093,PRJ_005,insulation,finishing,2026-06-21,2026-06-15,2026-06-28,
SEQ_00094,PRJ_005,rebar,foundation,2026-04-09,2026-03-13,2026-04-12,
SEQ_00095,PRJ_005,rebar,foundation,2026-03-27,2026-03-13,2026-04-12,
SEQ_00096,PRJ_005,rebar,foundation,2026-04-10,2026-03-13,2026-04-12,
SEQ_00097,PRJ_005,insulation,insulation_drywall,2026-06-12,2026-06-04,2026-06-15,
SEQ_00098,PRJ_005,prefab_panels,structural_frame,2026-05-03,2026-04-12,2026-05-12,
SEQ_00099,PRJ_005,rebar,foundation,2026-03-18,2026-03-13,2026-04-12,
SEQ_00100,PRJ_005,formwork,handover,2026-07-23,2026-06-28,2026-07-26,
SEQ_00101,PRJ_005,glass_facade,finishing,2026-06-15,2026-06-15,2026-06-28,
SEQ_00102,PRJ_005,pipes,mep_rough_in,2026-05-25,2026-05-25,2026-06-04,
SEQ_00103,PRJ_005,cement,foundation,2026-04-06,2026-03-13,2026-04-12,
SEQ_00104,PRJ_005,pipes,mep_rough_in,2026-05-25,2026-05-25,2026-06-04,
SEQ_00105,PRJ_006,cement,foundation,2026-02-05,2026-01-23,2026-02-19,
SEQ_00106,PRJ_006,rebar,foundation,2026-01-26,2026-01-23,2026-02-19,
SEQ_00107,PRJ_006,steel_beams,structural_frame,2026-02-21,2026-02-19,2026-03-03,
SEQ_00108,PRJ_006,modular_units,structural_frame,2026-02-24,2026-02-19,2026-03-03,
SEQ_00109,PRJ_006,prefab_panels,structural_frame,2026-02-24,2026-02-19,2026-03-03,
SEQ_00110,PRJ_006,glass_facade,envelope_facade,2026-03-12,2026-03-03,2026-03-28,
SEQ_00111,PRJ_006,insulation,finishing,2026-06-06,2026-05-29,2026-06-15,
SEQ_00112,PRJ_006,glass_facade,finishing,2026-06-07,2026-05-29,2026-06-15,
SEQ_00113,PRJ_006,rebar,foundation,2026-02-01,2026-01-23,2026-02-19,
SEQ_00114,PRJ_006,cement,envelope_facade,2026-03-13,2026-03-03,2026-03-28,
SEQ_00115,PRJ_006,insulation,insulation_drywall,2026-05-15,2026-04-25,2026-05-29,
SEQ_00116,PRJ_006,bricks,envelope_facade,2026-03-14,2026-03-03,2026-03-28,
SEQ_00117,PRJ_006,insulation,finishing,2026-05-15,2026-05-29,2026-06-15,premature_delivery
SEQ_00118,PRJ_006,steel_beams,structural_frame,2026-03-01,2026-02-19,2026-03-03,
SEQ_00119,PRJ_006,pipes,mep_rough_in,2026-04-13,2026-03-28,2026-04-25,
SEQ_00120,PRJ_006,bricks,handover,2026-06-23,2026-06-15,2026-07-08,
SEQ_00121,PRJ_006,insulation,finishing,2026-05-29,2026-05-29,2026-06-15,
SEQ_00122,PRJ_006,insulation,finishing,2026-06-14,2026-05-29,2026-06-15,
SEQ_00123,PRJ_006,insulation,insulation_drywall,2026-04-25,2026-04-25,2026-05-29,
SEQ_00124,PRJ_007,glass_facade,envelope_facade,2026-05-10,2026-04-27,2026-05-21,
SEQ_00125,PRJ_007,modular_units,structural_frame,2026-04-06,2026-04-02,2026-04-27,
SEQ_00126,PRJ_007,steel_beams,handover,2026-07-26,2026-07-15,2026-08-08,
SEQ_00127,PRJ_007,insulation,finishing,2026-07-05,2026-06-30,2026-07-15,
SEQ_00128,PRJ_007,insulation,insulation_drywall,2026-06-20,2026-06-20,2026-06-30,
SEQ_00129,PRJ_007,pipes,mep_rough_in,2026-06-18,2026-05-21,2026-06-20,
SEQ_00130,PRJ_007,prefab_panels,structural_frame,2026-03-04,2026-04-02,2026-04-27,premature_delivery
SEQ_00131,PRJ_007,prefab_panels,handover,2026-07-17,2026-07-15,2026-08-08,
SEQ_00132,PRJ_007,prefab_panels,structural_frame,2026-04-19,2026-04-02,2026-04-27,
SEQ_00133,PRJ_007,concrete_mix,foundation,2026-03-15,2026-03-15,2026-04-02,
SEQ_00134,PRJ_007,glass_facade,envelope_facade,2026-04-08,2026-04-27,2026-05-21,premature_delivery
SEQ_00135,PRJ_007,timber,site_prep,2026-02-28,2026-02-21,2026-03-15,
SEQ_00136,PRJ_007,insulation,handover,2026-06-06,2026-07-15,2026-08-08,premature_delivery
SEQ_00137,PRJ_007,pipes,mep_rough_in,2026-06-10,2026-05-21,2026-06-20,
SEQ_00138,PRJ_007,rebar,foundation,2026-03-16,2026-03-15,2026-04-02,
SEQ_00139,PRJ_007,insulation,insulation_drywall,2026-06-25,2026-06-20,2026-06-30,
SEQ_00140,PRJ_007,rebar,handover,2026-07-25,2026-07-15,2026-08-08,
SEQ_00141,PRJ_007,pipes,mep_rough_in,2026-06-17,2026-05-21,2026-06-20,
SEQ_00142,PRJ_007,pipes,mep_rough_in,2026-06-06,2026-05-21,2026-06-20,
SEQ_00143,PRJ_007,rebar,structural_frame,2026-04-13,2026-04-02,2026-04-27,
SEQ_00144,PRJ_007,cement,handover,2026-07-21,2026-07-15,2026-08-08,
SEQ_00145,PRJ_007,modular_units,structural_frame,2026-04-13,2026-04-02,2026-04-27,
SEQ_00146,PRJ_007,timber,handover,2026-07-02,2026-07-15,2026-08-08,premature_delivery
SEQ_00147,PRJ_007,glass_facade,envelope_facade,2026-05-06,2026-04-27,2026-05-21,
SEQ_00148,PRJ_007,pipes,handover,2026-06-26,2026-07-15,2026-08-08,premature_delivery
SEQ_00149,PRJ_007,bricks,envelope_facade,2026-05-12,2026-04-27,2026-05-21,
SEQ_00150,PRJ_007,pipes,mep_rough_in,2026-06-10,2026-05-21,2026-06-20,
SEQ_00151,PRJ_007,pipes,mep_rough_in,2026-06-11,2026-05-21,2026-06-20,
SEQ_00152,PRJ_007,glass_facade,envelope_facade,2026-05-12,2026-04-27,2026-05-21,
SEQ_00153,PRJ_008,glass_facade,finishing,2026-07-22,2026-07-14,2026-08-14,
SEQ_00154,PRJ_008,cement,foundation,2026-02-22,2026-03-15,2026-04-16,premature_delivery
SEQ_00155,PRJ_008,prefab_panels,structural_frame,2026-04-21,2026-04-16,2026-05-12,
SEQ_00156,PRJ_008,glass_facade,finishing,2026-08-04,2026-07-14,2026-08-14,
SEQ_00157,PRJ_008,cement,envelope_facade,2026-05-14,2026-05-12,2026-05-22,
SEQ_00158,PRJ_008,insulation,insulation_drywall,2026-06-18,2026-06-13,2026-07-14,
SEQ_00159,PRJ_008,cement,foundation,2026-03-28,2026-03-15,2026-04-16,
SEQ_00160,PRJ_008,timber,site_prep,2026-02-04,2026-02-19,2026-03-15,premature_delivery
SEQ_00161,PRJ_008,insulation,finishing,2026-07-20,2026-07-14,2026-08-14,
SEQ_00162,PRJ_008,formwork,handover,2026-07-28,2026-08-14,2026-09-13,premature_delivery
SEQ_00163,PRJ_008,concrete_mix,foundation,2026-04-02,2026-03-15,2026-04-16,
SEQ_00164,PRJ_008,insulation,finishing,2026-07-27,2026-07-14,2026-08-14,
SEQ_00165,PRJ_008,bricks,envelope_facade,2026-05-13,2026-05-12,2026-05-22,
SEQ_00166,PRJ_008,concrete_mix,foundation,2026-04-10,2026-03-15,2026-04-16,
SEQ_00167,PRJ_008,insulation,insulation_drywall,2026-07-07,2026-06-13,2026-07-14,
SEQ_00168,PRJ_008,pipes,mep_rough_in,2026-06-10,2026-05-22,2026-06-13,
SEQ_00169,PRJ_008,insulation,insulation_drywall,2026-06-26,2026-06-13,2026-07-14,
SEQ_00170,PRJ_008,modular_units,handover,2026-08-21,2026-08-14,2026-09-13,
SEQ_00171,PRJ_008,concrete_mix,foundation,2026-03-29,2026-03-15,2026-04-16,
SEQ_00172,PRJ_008,pipes,mep_rough_in,2026-06-05,2026-05-22,2026-06-13,
SEQ_00173,PRJ_008,pipes,mep_rough_in,2026-05-30,2026-05-22,2026-06-13,
SEQ_00174,PRJ_008,rebar,foundation,2026-03-21,2026-03-15,2026-04-16,
SEQ_00175,PRJ_008,cement,foundation,2026-03-29,2026-03-15,2026-04-16,
SEQ_00176,PRJ_008,rebar,foundation,2026-03-16,2026-03-15,2026-04-16,
SEQ_00177,PRJ_008,cement,foundation,2026-02-20,2026-03-15,2026-04-16,premature_delivery
SEQ_00178,PRJ_008,timber,site_prep,2026-03-04,2026-02-19,2026-03-15,
SEQ_00179,PRJ_008,timber,site_prep,2026-03-01,2026-02-19,2026-03-15,
SEQ_00180,PRJ_008,pipes,mep_rough_in,2026-04-22,2026-05-22,2026-06-13,premature_delivery
SEQ_00181,PRJ_009,glass_facade,envelope_facade,2026-03-30,2026-03-06,2026-04-06,
SEQ_00182,PRJ_009,prefab_panels,handover,2026-06-05,2026-06-02,2026-06-24,
SEQ_00183,PRJ_009,modular_units,handover,2026-05-26,2026-06-02,2026-06-24,premature_delivery
SEQ_00184,PRJ_009,modular_units,handover,2026-06-02,2026-06-02,2026-06-24,
SEQ_00185,PRJ_009,insulation,insulation_drywall,2026-05-14,2026-04-24,2026-05-23,
SEQ_00186,PRJ_009,concrete_mix,foundation,2026-02-15,2026-02-07,2026-02-19,
SEQ_00187,PRJ_009,concrete_mix,foundation,2026-02-12,2026-02-07,2026-02-19,
SEQ_00188,PRJ_009,timber,site_prep,2026-01-31,2026-01-17,2026-02-07,
SEQ_00189,PRJ_009,insulation,insulation_drywall,2026-03-22,2026-04-24,2026-05-23,premature_delivery
SEQ_00190,PRJ_009,timber,site_prep,2026-02-06,2026-01-17,2026-02-07,
SEQ_00191,PRJ_009,pipes,mep_rough_in,2026-04-06,2026-04-06,2026-04-24,
SEQ_00192,PRJ_009,cement,foundation,2026-02-15,2026-02-07,2026-02-19,
SEQ_00193,PRJ_009,concrete_mix,foundation,2026-02-14,2026-02-07,2026-02-19,
SEQ_00194,PRJ_009,prefab_panels,structural_frame,2026-01-24,2026-02-19,2026-03-06,premature_delivery
SEQ_00195,PRJ_009,insulation,insulation_drywall,2026-04-16,2026-04-24,2026-05-23,premature_delivery
SEQ_00196,PRJ_010,insulation,handover,2026-06-15,2026-06-13,2026-06-29,
SEQ_00197,PRJ_010,pipes,mep_rough_in,2026-04-28,2026-04-24,2026-05-05,
SEQ_00198,PRJ_010,modular_units,handover,2026-05-16,2026-06-13,2026-06-29,premature_delivery
SEQ_00199,PRJ_010,bricks,envelope_facade,2026-04-15,2026-04-07,2026-04-24,
SEQ_00200,PRJ_010,pipes,mep_rough_in,2026-05-01,2026-04-24,2026-05-05,
SEQ_00201,PRJ_010,formwork,site_prep,2026-01-18,2026-02-07,2026-03-12,premature_delivery
SEQ_00202,PRJ_010,cement,envelope_facade,2026-04-23,2026-04-07,2026-04-24,
SEQ_00203,PRJ_010,glass_facade,finishing,2026-06-12,2026-05-30,2026-06-13,
SEQ_00204,PRJ_010,cement,handover,2026-06-15,2026-06-13,2026-06-29,
SEQ_00205,PRJ_010,rebar,foundation,2026-03-27,2026-03-12,2026-03-28,
SEQ_00206,PRJ_010,glass_facade,envelope_facade,2026-04-23,2026-04-07,2026-04-24,
SEQ_00207,PRJ_010,insulation,insulation_drywall,2026-04-03,2026-05-05,2026-05-30,premature_delivery
SEQ_00208,PRJ_010,timber,site_prep,2026-02-19,2026-02-07,2026-03-12,
SEQ_00209,PRJ_010,insulation,finishing,2026-06-11,2026-05-30,2026-06-13,
SEQ_00210,PRJ_010,concrete_mix,foundation,2026-03-12,2026-03-12,2026-03-28,
SEQ_00211,PRJ_010,bricks,handover,2026-06-20,2026-06-13,2026-06-29,
SEQ_00212,PRJ_010,insulation,finishing,2026-05-31,2026-05-30,2026-06-13,
SEQ_00213,PRJ_010,pipes,mep_rough_in,2026-04-24,2026-04-24,2026-05-05,
SEQ_00214,PRJ_010,cement,foundation,2026-03-26,2026-03-12,2026-03-28,
SEQ_00215,PRJ_010,insulation,insulation_drywall,2026-05-17,2026-05-05,2026-05-30,
SEQ_00216,PRJ_010,glass_facade,handover,2026-06-19,2026-06-13,2026-06-29,
SEQ_00217,PRJ_010,bricks,handover,2026-06-23,2026-06-13,2026-06-29,
SEQ_00218,PRJ_010,rebar,foundation,2026-03-13,2026-03-12,2026-03-28,
SEQ_00219,PRJ_010,formwork,site_prep,2026-03-10,2026-02-07,2026-03-12,
