project_id,name,location,priority,start_date,end_date
PRJ_001,Site A - Urban Residential,Almaty,low,2026-01-28,2026-08-25
PRJ_002,Site B - High-Rise Commercial,Astana,medium,2026-01-14,2026-11-26
PRJ_003,Site C - Embankment Towers,Astana,medium,2026-01-06,2026-11-08
PRJ_004,Site D - Industrial Logistics Park,Karaganda,high,2026-02-03,2026-10-04
PRJ_005,Site E - Regional Trade Center,Shymkent,medium,2026-02-23,2026-09-03
PRJ_006,Site F - Harbor Logistics Terminal,Atyrau,medium,2026-01-04,2026-12-24
PRJ_007,Site G - Foothill Park Residences,Almaty,low,2026-02-21,2026-11-08
PRJ_008,Site H - West Gateway Business Hub,Aktobe,medium,2026-02-19,2027-01-25
PRJ_009,Site I - North District Quarter,Astana,low,2026-01-17,2026-11-15
PRJ_010,Site J - East Industrial Park,Almaty,medium,2026-02-07,2026-12-24
