resource_id,type,capacity,home_location
RES_001,truck,15,Aktobe
RES_002,truck,11,Karagandy
RES_003,truck,9,Shymkent
RES_004,truck,12,Shymkent
RES_005,truck,15,Karagandy
RES_006,truck,9,Karagandy
RES_007,truck,13,Aktobe
RES_008,truck,11,Almaty
RES_009,truck,17,Astana
RES_010,truck,8,Shymkent
RES_011,truck,15,Shymkent
RES_012,truck,15,Shymkent
RES_013,crane,1,Karagandy
RES_014,crane,1,Aktobe
RES_015,crane,1,Karagandy
RES_016,crane,1,Atyrau
RES_017,crane,1,Atyrau
RES_018,crane,1,Aktobe
RES_019,crew,11,Aktobe
RES_020,crew,7,Almaty
RES_021,crew,11,Karagandy
RES_022,crew,9,Karagandy
RES_023,crew,7,Almaty
RES_024,crew,9,Aktobe
RES_025,crew,9,Astana
RES_026,crew,11,Karagandy
RES_027,crew,5,Almaty
RES_028,crew,4,Karagandy
